Username,Review,Media,Rating,Date
Kiki,"packaging rapi dan baik, wanginya pas, tidak terlalu strong dan nyaman","https://images.tokopedia.net/img/cache/200-square/bjFkPX/2023/12/20/e8157d5e-511d-4a2a-a031-6f819414f5c4.jpg.webp?ect=4g, https://images.tokopedia.net/img/cache/200-square/bjFkPX/2023/12/20/3007dea0-fb7a-437f-a5ea-16f91f220cfa.jpg.webp?ect=4g",5,10 bulan lalu
Arif,"favorite banget asli. ternyata versi 100ml nya sangat wah botol nya. penyemprot nya sangat mantap, jempolan. aroma nya begitu pertama kali disemprot semerbak aroma nya, bold-bold di awal yang manly ğŸ”¥","https://images.tokopedia.net/img/cache/200-square/bjFkPX/2024/1/13/14d40348-ba34-4499-9cc6-8476069ee7d4.jpg.webp?ect=4g, https://images.tokopedia.net/img/cache/200-square/bjFkPX/2024/1/13/c867ed0b-9b98-4f9c-9fbb-218b7aff46ad.jpg.webp?ect=4g, https://images.tokopedia.net/img/cache/200-square/bjFkPX/2024/1/13/81be950b-43f3-45d6-a219-464db5c1b8e7.jpg.webp?ect=4g, https://images.tokopedia.net/img/cache/200-square/bjFkPX/2024/1/13/bf2ce579-9bab-4509-9cd2-5771567e50b2.jpg.webp?ect=4g",5,9 bulan lalu
B***s,"Enak banget wanginya, ini pembelian kedua setelah the great batavia.. dapet free testernya jugaa.. mantap mantap ğŸ«¶ğŸ¿ğŸ–¤","https://assets.tokopedia.net/assets-tokopedia-lite/v2/zeus/kratos/85cc883d.svg, https://assets.tokopedia.net/assets-tokopedia-lite/v2/zeus/kratos/85cc883d.svg",5,8 bulan lalu
farhan,beli ini karena varian sebelumnya sold out dan penasaran. jujur dilema antara ini atau apresiasi tapi lebih memutuskan ambil ini. baunya kata orang rumah seperti perokok di tahun 90an (not in a bad way) yang gentle dan lembut,https://assets.tokopedia.net/assets-tokopedia-lite/v2/zeus/kratos/85cc883d.svg,5,9 bulan lalu
J***E,"mantap sesuai ekpektasi, dah kegiatan diluar panas2an seharian tapi masih harum",https://assets.tokopedia.net/assets-tokopedia-lite/v2/zeus/kratos/85cc883d.svg,5,10 bulan lalu
Pratama,"Mantaappp, order kedua disini, bamboe roencing buat pagi-siang, sumba buat sore-malam. Thank you",https://assets.tokopedia.net/assets-tokopedia-lite/v2/zeus/kratos/85cc883d.svg,5,8 bulan lalu
Nathalia,"my gosh, happy me! my second collection dari Project 1945.  Ini parfum lokal bagus banget, sangat affordable karna dengan harga segitu dapat 100 ml.  Kali ini, si sunset in sumba itu wanginya ada hint of vanilla, ada incense and clove.  Ini unisex, karna setelah didiemin sekitar 10 menit, gak nyereng banget wanginya.  love!",,5,Lebih dari 1 tahun lalu
Bagus,"Packaging aman pake bubblewrap. Wangi parfum sesuai ekspektasi, dapet voucher diskon 45k yang kayaknya bakal dipake buat beli varian yang sama kalo udah habis. Nais drim cing!","https://assets.tokopedia.net/assets-tokopedia-lite/v2/zeus/kratos/85cc883d.svg, https://assets.tokopedia.net/assets-tokopedia-lite/v2/zeus/kratos/85cc883d.svg",5,Lebih dari 1 tahun lalu
I***o,"setelah dua botol versi 1.0, dan nunggu restock beberapa kali, sekarang coba yang 2.0. packagingnya tetap mewah dan khas Indonesia, aroma yang sekarang lebih bold, lebih terasa spices nya dan tetap jadi favorit. sudah coba bamboe roentjing, batavia dan waters of maluku, baliknya ke Sunset of Sumba lagi","https://assets.tokopedia.net/assets-tokopedia-lite/v2/zeus/kratos/85cc883d.svg, https://assets.tokopedia.net/assets-tokopedia-lite/v2/zeus/kratos/85cc883d.svg, https://assets.tokopedia.net/assets-tokopedia-lite/v2/zeus/kratos/85cc883d.svg, https://assets.tokopedia.net/assets-tokopedia-lite/v2/zeus/kratos/85cc883d.svg",5,7 bulan lalu
Ismurtyanto,"akhirnya restock juga, suka aroma dan packaging nya yang khas Indonesia, seller ramah dan responsif, packing bubble wrap berlapis-lapis dan ada bonusnya lho #dariindonesiauntukdunia  sampai lupa pakai voucher diskonnya ğŸ˜","https://assets.tokopedia.net/assets-tokopedia-lite/v2/zeus/kratos/85cc883d.svg, https://assets.tokopedia.net/assets-tokopedia-lite/v2/zeus/kratos/85cc883d.svg, https://assets.tokopedia.net/assets-tokopedia-lite/v2/zeus/kratos/85cc883d.svg, https://assets.tokopedia.net/assets-tokopedia-lite/v2/zeus/kratos/85cc883d.svg",5,Lebih dari 1 tahun lalu
M***l,bau apple dan woody.. semakin lama semakin lembut ketahanan kurang lebih 6 jam..  sepertiny cocok dipakai siang hari jg.. tapi lebih suka dipakai sore ke malam.. seperti...,"https://assets.tokopedia.net/assets-tokopedia-lite/v2/zeus/kratos/85cc883d.svg, https://assets.tokopedia.net/assets-tokopedia-lite/v2/zeus/kratos/85cc883d.svg",5,10 bulan lalu
Eri,"pengiriman cepat & aman.  Packagingnya bagus banget untuk ukuran produk lokal & harganya juga murah. Wanginya enak, segar, best banget. Ayo beli sebelum sold out...","https://assets.tokopedia.net/assets-tokopedia-lite/v2/zeus/kratos/85cc883d.svg, https://assets.tokopedia.net/assets-tokopedia-lite/v2/zeus/kratos/85cc883d.svg, https://assets.tokopedia.net/assets-tokopedia-lite/v2/zeus/kratos/85cc883d.svg",5,7 bulan lalu
D***s,"Review buat versi 2.0: Aromanya masih sama dgn versi 1, tapi entah kenapa kok sepertinya lebih bold yg versi 1 ya.. Kebetulan masih ada sisa versi 1 yg decant, coba tes s...","https://assets.tokopedia.net/assets-tokopedia-lite/v2/zeus/kratos/85cc883d.svg, https://assets.tokopedia.net/assets-tokopedia-lite/v2/zeus/kratos/85cc883d.svg, https://assets.tokopedia.net/assets-tokopedia-lite/v2/zeus/kratos/85cc883d.svg, https://assets.tokopedia.net/assets-tokopedia-lite/v2/zeus/kratos/85cc883d.svg",5,10 bulan lalu
R***i,"bukan yang tipikal seger tapi ini agak unik sii, pedes di awal terus gak lama jadi soft gitu, kayaknya bakal cocok buat tempur keringetan dan spray di baju biar tetep wan...","https://assets.tokopedia.net/assets-tokopedia-lite/v2/zeus/kratos/85cc883d.svg, https://assets.tokopedia.net/assets-tokopedia-lite/v2/zeus/kratos/85cc883d.svg",5,2 minggu lalu
R***n,Proses cepat. Packing aman. Sesuai pesanan. Wanginya ternyata mirip hugo boss in motion dengan twist woody plus aroma jeruk yang lebih bold. Ketahanan standar. Dapat bonu...,"https://assets.tokopedia.net/assets-tokopedia-lite/v2/zeus/kratos/85cc883d.svg, https://assets.tokopedia.net/assets-tokopedia-lite/v2/zeus/kratos/85cc883d.svg",5,Lebih dari 1 tahun lalu
B***s,"pertama kali beli parfum lokal dengan kemasan yg mewah banget. agak ragu utk beli, coba kemasan mininya, akhirnya paling cocok sama si sumba.","https://assets.tokopedia.net/assets-tokopedia-lite/v2/zeus/kratos/85cc883d.svg, https://assets.tokopedia.net/assets-tokopedia-lite/v2/zeus/kratos/85cc883d.svg",5,Lebih dari 1 tahun lalu
Ismurtyanto,"pembelian kedua untuk varian ini, suka wanginya tahan lama, proses kirim dll tetap oke seperti biasa","https://assets.tokopedia.net/assets-tokopedia-lite/v2/zeus/kratos/85cc883d.svg, https://assets.tokopedia.net/assets-tokopedia-lite/v2/zeus/kratos/85cc883d.svg, https://assets.tokopedia.net/assets-tokopedia-lite/v2/zeus/kratos/85cc883d.svg",5,Lebih dari 1 tahun lalu
D***i,Suka banget sama parfum sunset in sumba.. varian terwangi yg ada di project 1945.  And suprised banget dapat bonus 2 varian 5 Ml nya.. Sampe temen temen pada keracunan.....,"https://assets.tokopedia.net/assets-tokopedia-lite/v2/zeus/kratos/85cc883d.svg, https://assets.tokopedia.net/assets-tokopedia-lite/v2/zeus/kratos/85cc883d.svg",5,Lebih dari 1 tahun lalu
Rocky,"packing rapih dan dilapisi bubble wrap, aman jika kebanting dalam pengiriman. wangi enak. kemaren pas nyoba wanginya di stand PIM, dekat bakmi GM.  wangi yg saya suka, su...","https://assets.tokopedia.net/assets-tokopedia-lite/v2/zeus/kratos/85cc883d.svg, https://assets.tokopedia.net/assets-tokopedia-lite/v2/zeus/kratos/85cc883d.svg, https://assets.tokopedia.net/assets-tokopedia-lite/v2/zeus/kratos/85cc883d.svg",5,2 bulan lalu
Yeriel,Ini pertama kalinya cocok sama aroma woody & spicy karena sebelumnya nyoba brand lain ga ada yang cocok. pas coba ini langsung pas.  next coba explore aroma-aroma bor...,"https://assets.tokopedia.net/assets-tokopedia-lite/v2/zeus/kratos/85cc883d.svg, https://assets.tokopedia.net/assets-tokopedia-lite/v2/zeus/kratos/85cc883d.svg",5,10 bulan lalu
A***n,"barang sesuai dengan kebutuhan, wangi nya menarik dan cocok dengan penggunaan sore -malam hari",,5,6 bulan lalu
Fahrizal,"Parfum lokal makin gak main-main! Tipe parfum yg cocok buat all day tapi jujur heavy ke night sih sebenernya buat aku. Biasanya ku suka yg manis, tapi baru kali ini suka...","https://assets.tokopedia.net/assets-tokopedia-lite/v2/zeus/kratos/85cc883d.svg, https://assets.tokopedia.net/assets-tokopedia-lite/v2/zeus/kratos/85cc883d.svg",5,1 bulan lalu
R***o,"Enak banget, oke cocok sama wanginya manteupp","https://assets.tokopedia.net/assets-tokopedia-lite/v2/zeus/kratos/85cc883d.svg, https://assets.tokopedia.net/assets-tokopedia-lite/v2/zeus/kratos/85cc883d.svg",5,7 bulan lalu
Ramlan,"Maaf telat confirm krn br dri luar kota brngx br smpt di unboxing,,,kemasan parfum terkesan mewah sprti unboxing HP hehehhehe,,,wangix sngt uniq dn segar bgt,,semoga arom...","https://assets.tokopedia.net/assets-tokopedia-lite/v2/zeus/kratos/85cc883d.svg, https://assets.tokopedia.net/assets-tokopedia-lite/v2/zeus/kratos/85cc883d.svg, https://assets.tokopedia.net/assets-tokopedia-lite/v2/zeus/kratos/85cc883d.svg",5,Lebih dari 1 tahun lalu
wahyu,"wangi maskulin, cocok buat bapak"" metropolitan usia 40thn  up. kalau buat pemula aromanya menyenangkan,menenangkan & membagongkan . penjual ramah, rekomendasi. lo...","https://assets.tokopedia.net/assets-tokopedia-lite/v2/zeus/kratos/85cc883d.svg, https://assets.tokopedia.net/assets-tokopedia-lite/v2/zeus/kratos/85cc883d.svg",5,3 bulan lalu
Reynaldi,"GILAKKKK ENAK BANGET BANGETTTTTTT. Pagi di pake, malem masih keciummmm. Ga nyesell sumpah!!!! Packaging juga aman parah, terus cuteee njirrr","https://assets.tokopedia.net/assets-tokopedia-lite/v2/zeus/kratos/85cc883d.svg, https://assets.tokopedia.net/assets-tokopedia-lite/v2/zeus/kratos/85cc883d.svg, https://assets.tokopedia.net/assets-tokopedia-lite/v2/zeus/kratos/85cc883d.svg",5,Lebih dari 1 tahun lalu
A***g,"kesan aromanya warmth dan bold sesuai deskripsi, dapat free sample varian samosir ğŸ˜†","https://assets.tokopedia.net/assets-tokopedia-lite/v2/zeus/kratos/85cc883d.svg, https://assets.tokopedia.net/assets-tokopedia-lite/v2/zeus/kratos/85cc883d.svg",5,2 bulan lalu
Muhtadil,Project 1945 belum pernah gagal sih aromanya. Cowok-cowok yang suka aroma warm spicy clove patchouli cocok banget ğŸ§¡ğŸ§¡ğŸ§¡ğŸ§¡ğŸ§¡ kalo mau cobain tester 1 ml dan 2 ml bisa jug...,"https://assets.tokopedia.net/assets-tokopedia-lite/v2/zeus/kratos/85cc883d.svg, https://assets.tokopedia.net/assets-tokopedia-lite/v2/zeus/kratos/85cc883d.svg, https://assets.tokopedia.net/assets-tokopedia-lite/v2/zeus/kratos/85cc883d.svg, https://assets.tokopedia.net/assets-tokopedia-lite/v2/zeus/kratos/85cc883d.svg, https://assets.tokopedia.net/assets-tokopedia-lite/v2/zeus/kratos/85cc883d.svg",5,Lebih dari 1 tahun lalu
Riyan,wanginya enak seger ada sensasi vanila yg bikin smooth so far tidak mengecewakan. the bestğŸ™ğŸ»,"https://assets.tokopedia.net/assets-tokopedia-lite/v2/zeus/kratos/85cc883d.svg, https://assets.tokopedia.net/assets-tokopedia-lite/v2/zeus/kratos/85cc883d.svg",5,Lebih dari 1 tahun lalu
Muhammad,"pas wanginya utk sore-malem & 6 jam-an ketahananya... ngingetin wangi kyk parfum bokap dulu yg mahal, gk tau merk apa","https://assets.tokopedia.net/assets-tokopedia-lite/v2/zeus/kratos/85cc883d.svg, https://assets.tokopedia.net/assets-tokopedia-lite/v2/zeus/kratos/85cc883d.svg, https://assets.tokopedia.net/assets-tokopedia-lite/v2/zeus/kratos/85cc883d.svg, https://assets.tokopedia.net/assets-tokopedia-lite/v2/zeus/kratos/85cc883d.svg, https://assets.tokopedia.net/assets-tokopedia-lite/v2/zeus/kratos/85cc883d.svg",5,Lebih dari 1 tahun lalu
M***s,"packaging bagus sekali, kualitas wanginya enak sekali, dan kecepatan proses adminnya dalam mengirimkan barang cepat sekali. sangat puass!",https://assets.tokopedia.net/assets-tokopedia-lite/v2/zeus/kratos/85cc883d.svg,5,10 bulan lalu
Arie,"masyaallah mantap, kemarin beli samplenya 3 variant dan suka banget buat wanginya , tapi akhirnya pilih yang ini, karna yang paling cocok untuk hari2. pengiriman cepat re...",https://assets.tokopedia.net/assets-tokopedia-lite/v2/zeus/kratos/85cc883d.svg,5,Lebih dari 1 tahun lalu
Rio,"Pembelian kedua dari Project 1945, untuk wangi ini spicy. Di awal manis tapi gak langsung nendang. Butuh beberapa detik untuk wangi utamanya muncul. Cocok buat pemakaian...",https://assets.tokopedia.net/assets-tokopedia-lite/v2/zeus/kratos/85cc883d.svg,5,Lebih dari 1 tahun lalu
I***m,"Langsung beli 3 varian karena wanginya enak enak. Dapat tester juga 3 varian, 1 samosir dan 2 petruk. Tapi kenapa petruknya double ya, padahal kan bisa ganti horas satuny...",https://assets.tokopedia.net/assets-tokopedia-lite/v2/zeus/kratos/85cc883d.svg,5,2 bulan lalu
MN,"Dari wanginya suka banget si karena masculine banget dan top notes sama bottom notes kerasa perbedaanya juga, packaging bagus dan rapih. Tapi kurang dari segi ketahanan,...",https://assets.tokopedia.net/assets-tokopedia-lite/v2/zeus/kratos/85cc883d.svg,4,Lebih dari 1 tahun lalu
Dimas,"serius sih, dari varian-varian 1945 aroma ini yg paling nempel di hidungku. Wanginya awalnya kenceng kapulaga campur jeruk terus berubah jadi soft vanilla dg hint aroma l...",https://assets.tokopedia.net/assets-tokopedia-lite/v2/zeus/kratos/85cc883d.svg,5,Lebih dari 1 tahun lalu
B***a,"wanginya enak bgt seger, adminnya responsif banget ada masalah dikit langsung dikasih solusiâ¤ï¸",https://assets.tokopedia.net/assets-tokopedia-lite/v2/zeus/kratos/85cc883d.svg,5,Lebih dari 1 tahun lalu
Lisa,"Menurutku wanginya ngga terlalu menyengat, pas untuk dipakai sehari2 pas ngantor.",https://assets.tokopedia.net/assets-tokopedia-lite/v2/zeus/kratos/85cc883d.svg,5,10 bulan lalu
a***a,"Awalnya agak skeptis ya pas dengar variant ini reformulated, takut aromanya ngga seenak yang variant pertama. TAPIII, saya kaget banget pas semprot sekali di baju, karena...",https://assets.tokopedia.net/assets-tokopedia-lite/v2/zeus/kratos/85cc883d.svg,5,10 bulan lalu
Leandro,"baru coba produk dari Project 1945 dan saya sangat terkesan karena mulai dari pelayanan, kualitas packaging, hingga produknya sangat bagus. untuk varian Sunset in Sumba 2...",https://assets.tokopedia.net/assets-tokopedia-lite/v2/zeus/kratos/85cc883d.svg,5,10 bulan lalu
Eri,"wangi nya enak ternyata, pengiriman cepat dan aman bgt pake buble wrap+kotak kardus lagi. Hadiah kecil buat bokap, ternyata suka wangi nya. thanks",https://assets.tokopedia.net/assets-tokopedia-lite/v2/zeus/kratos/85cc883d.svg,5,Lebih dari 1 tahun lalu
L***r,"wanginya enak banget, scent notenya sesuai deskripsi. Kotak kemasannya bagus, dapet voucher diskon 45k utk pembelian berikutnya. longevitynya juga bagus. sayang pengirima...",https://assets.tokopedia.net/assets-tokopedia-lite/v2/zeus/kratos/85cc883d.svg,5,Lebih dari 1 tahun lalu
e***i,"produk sesuai, pengiriman cepat, dapet voucher untuk pembelian berikutnya. packaging kardus coklatnya bisa lebih compact lagi kak karna sampe rumah sudah penyok dan bolon...",https://assets.tokopedia.net/assets-tokopedia-lite/v2/zeus/kratos/85cc883d.svg,5,Lebih dari 1 tahun lalu
R***l,"Baru semprot sekali. Sekilas aromanya lebih sopan dari Sumba 1.0; aroma jeruk dan apelnya lebih kerasa dikit di top notes, dan sekarang aroma pedasnya ga terlalu nyegrak...",https://assets.tokopedia.net/assets-tokopedia-lite/v2/zeus/kratos/85cc883d.svg,5,7 bulan lalu
P***l,"Setelah coba The Great Batavia, yg wangi nya agak woody dan sesuai ekspektasi. Gak pake lama langsung pake promo code nya buat coba Sunset in Sumba yg ternyata sama enak...",https://assets.tokopedia.net/assets-tokopedia-lite/v2/zeus/kratos/85cc883d.svg,5,Lebih dari 1 tahun lalu
Priladitya,"smooth bgt wangi nya, kayak semua nya nyampur jd 1 kesatuan wangi yg nikmat. bukan tipe parfum yg wangi nya agresif, ini sopan, agak tipis tp hadir terus. Cocok bgt untuk...",https://assets.tokopedia.net/assets-tokopedia-lite/v2/zeus/kratos/85cc883d.svg,5,10 bulan lalu
Dava,Banyak yang bilang lebih cocok untuk malam tapi nyatanya cocok buat keseharian dan cuman notes awalnya saja yang strong sehabis itu halus.,https://assets.tokopedia.net/assets-tokopedia-lite/v2/zeus/kratos/85cc883d.svg,5,4 bulan lalu
Muhsiniin,"Suka banget! Untuk Sunset in Sumba 2.0 ini sebenarnya tidak terlalu jauh berbeda dari yang 1.0, which is a good thing! Karena di versi 1.0 sering dapat compliment. Tapi r...",https://assets.tokopedia.net/assets-tokopedia-lite/v2/zeus/kratos/85cc883d.svg,5,10 bulan lalu
J***r,"Kualitas bagus banget, service seller ke customer jg bagus. udh coba fullwear beberapa hari ini di kisaran 5-7x cruts kombinasi baju dan kulit.  buat wanginya di opening...",https://assets.tokopedia.net/assets-tokopedia-lite/v2/zeus/kratos/85cc883d.svg,5,Lebih dari 1 tahun lalu
Firdhani,"Kemasan rapih, top quality. Top nya tercium sangat dominan, wangi sexy cocok untuk pria-pria di awal dewasa.",https://assets.tokopedia.net/assets-tokopedia-lite/v2/zeus/kratos/85cc883d.svg,5,9 bulan lalu
Bentang,"Repurchase sunset in sumba, karena yang 1.0 sudah habis 1 botol. Wangi ga beda jauh, woody and spicy, cuma berasa beda tipis di 1st note nya aja.  Setelah coba 2 batch, p...",https://assets.tokopedia.net/assets-tokopedia-lite/v2/zeus/kratos/85cc883d.svg,5,9 bulan lalu
Faza,Baru pertama kali nyobain parfum yg menurut gua ga murah harganya. Tapi dari wangi dan kualitas produk ga murahan! ğŸ‘ŒğŸ”¥,https://assets.tokopedia.net/assets-tokopedia-lite/v2/zeus/kratos/85cc883d.svg,5,Lebih dari 1 tahun lalu
Agus,Pembelian kedua setelah The Great Batavia. Pesanan sesuai dan sampai dengan selamat tanpa ada defect. Packaging nya pun feel nya mewah dan built quality dari produknya sa...,https://assets.tokopedia.net/assets-tokopedia-lite/v2/zeus/kratos/85cc883d.svg,5,Lebih dari 1 tahun lalu
P***a,Udah beberapa lama lagi into parfum lokal karena satu dan lain hal. So far udah 3 merk parfum lokal yg dicoba (and it still counting). untungnya semua blind buy dan cocok...,"https://assets.tokopedia.net/assets-tokopedia-lite/v2/zeus/kratos/85cc883d.svg, https://assets.tokopedia.net/assets-tokopedia-lite/v2/zeus/kratos/85cc883d.svg",5,Lebih dari 1 tahun lalu
F***h,"wanginya enak terutama pas setelah 30menit. Udah pake setengah lalu botol sempet bermasalah spraynya, coba confirm ke tim project1945, mashaallah justru diganti parfum ba...",https://assets.tokopedia.net/assets-tokopedia-lite/v2/zeus/kratos/85cc883d.svg,5,Lebih dari 1 tahun lalu
W***m,"Box Parfumnya keren, plus kartu diskon untuk next transaksi. Barang Aman, SAFETY sampai ke tujuan.   Untuk SPL menurut hidung gw sih Moderate to low..Yah, untuk parfum de...",https://assets.tokopedia.net/assets-tokopedia-lite/v2/zeus/kratos/85cc883d.svg,5,Lebih dari 1 tahun lalu
Andri,"Best blind buy bgt ini.. dr awal emang mau cb produk dr 1945 cm msh tarik ulur.. pas tau sumba reformulated lgsg beli ga pake mikir, dpt harga sale + gopay coin jd cm bay...",https://assets.tokopedia.net/assets-tokopedia-lite/v2/zeus/kratos/85cc883d.svg,5,10 bulan lalu
Andika,Wanginya enak banget! Packaging juga sangat premium utk harga segitu mantap,https://assets.tokopedia.net/assets-tokopedia-lite/v2/zeus/kratos/85cc883d.svg,5,Lebih dari 1 tahun lalu
galih,"Bsa dipake unisex, wanginya lebih strong, tp charming, hint rempah-rempah nya lumayan kenceng, tp ga bikin mual.",https://assets.tokopedia.net/assets-tokopedia-lite/v2/zeus/kratos/85cc883d.svg,5,4 bulan lalu
Citra,"the real blind buy yang sukses. wanginya bener2 sesuai selera, cocok banget dipakai pas malam hari. dapat decant samosir dan wanginya sama enaknya, next mau coba beli sam...",https://assets.tokopedia.net/assets-tokopedia-lite/v2/zeus/kratos/85cc883d.svg,5,2 bulan lalu
M***d,packaging nya keren banget berasa mewahnya. Untuk wanginya preference sih karena udah beli yang explore kit jadi tau mana yang cocok.. terima kasih,https://assets.tokopedia.net/assets-tokopedia-lite/v2/zeus/kratos/85cc883d.svg,5,Lebih dari 1 tahun lalu
Zen,"blind buy this item, enak wanginya cuma bukan tipe gue, anyway pengiriman cukup lama 2 hari baru sampai, thanks project 1945",https://assets.tokopedia.net/assets-tokopedia-lite/v2/zeus/kratos/85cc883d.svg,5,Lebih dari 1 tahun lalu
S***y,Kurang dari 2 bulan udah punya full bottle parfume project 1945.. Apresiasi & Sunset In Sumba sejauh ini yang paling saya suka..,https://assets.tokopedia.net/assets-tokopedia-lite/v2/zeus/kratos/85cc883d.svg,5,Lebih dari 1 tahun lalu
R***i,"Wangi nya segar,citrus nya agak kencang..memang cocok dipakai untuk negara tropis",https://assets.tokopedia.net/assets-tokopedia-lite/v2/zeus/kratos/85cc883d.svg,5,Lebih dari 1 tahun lalu
indro,"wanginya mewah, lembut, dus packing rapi dan aman, barang cepat sampai.",https://assets.tokopedia.net/assets-tokopedia-lite/v2/zeus/kratos/85cc883d.svg,5,5 bulan lalu
v***d,"baunya kayak cowok mahal, cuman untuk tahannya kureng rajin2 spray aja. bintang 5 lah untuk harga dan wanginya cocok",https://assets.tokopedia.net/assets-tokopedia-lite/v2/zeus/kratos/85cc883d.svg,5,10 bulan lalu
A***a,"Mantep! Jauh lebih cocok ini dibandingkan versi 1.0, lebih ganteng",https://assets.tokopedia.net/assets-tokopedia-lite/v2/zeus/kratos/85cc883d.svg,5,4 bulan lalu
K***n,"aromanya mirip parfum apa ya ini, lupa.. tapi enak mantab.. untuk ketahanannya aja yg kurang.. untuk harganya yg murah dan dapet 100ml, sangat direkomendasikan.. ditunggu...",https://assets.tokopedia.net/assets-tokopedia-lite/v2/zeus/kratos/85cc883d.svg,5,Lebih dari 1 tahun lalu
A***h,ini wanginya enak bgt dan kalian harus beli. bagi para cowok ini wangi yg bikin cewek2 pada nyaman deket2,https://assets.tokopedia.net/assets-tokopedia-lite/v2/zeus/kratos/85cc883d.svg,5,6 bulan lalu
Gusda,ada aroma musky tipis2 jd nagih sniff mulu...packing rapi&aman...tiba sesuai jadwal...good jobğŸ‘ğŸ‘,https://assets.tokopedia.net/assets-tokopedia-lite/v2/zeus/kratos/85cc883d.svg,5,1 bulan lalu
S***i,"barang sesuai, pengiriman cepat 2 hari langsung sampai, packaging sangatÂ² aman, mantep pokokonya....",https://assets.tokopedia.net/assets-tokopedia-lite/v2/zeus/kratos/85cc883d.svg,5,Lebih dari 1 tahun lalu
RSH,restock lagi dapat free vial princess of Java...jadi nggak sabar nunggu full bottlenya,https://assets.tokopedia.net/assets-tokopedia-lite/v2/zeus/kratos/85cc883d.svg,5,Lebih dari 1 tahun lalu
I***b,"Dupe/clonenya HUGO BOSS ORANGE for Men Kemiripan 85%, hanya kurang di base notenya aja yang kurang mantep/padat dikit lagi.  L= 5-6 jam-an di baju, di kulit 3-4 jam",https://assets.tokopedia.net/assets-tokopedia-lite/v2/zeus/kratos/85cc883d.svg,5,Lebih dari 1 tahun lalu
Ketty,Harumnya alami n enak n terasa segar . Sangat suka bgt.,https://assets.tokopedia.net/assets-tokopedia-lite/v2/zeus/kratos/85cc883d.svg,5,Lebih dari 1 tahun lalu
Reza,"sebelumnya udah coba vialnya, paling cocok yg si sunset sumba ini. wanginya unik, istri suka juga. good job project 1945.",https://assets.tokopedia.net/assets-tokopedia-lite/v2/zeus/kratos/85cc883d.svg,5,Lebih dari 1 tahun lalu
M***n,Botol full size ketiga untuk seri 'Sunset in Sumba'. So fresh and refreshing.,https://assets.tokopedia.net/assets-tokopedia-lite/v2/zeus/kratos/85cc883d.svg,5,Lebih dari 1 tahun lalu
Divan,"barang sampai dengan baik, untuk baunya seger ke manis diawal, trus ke manis rempah gitu, makin lama makin wangi rempah, enak banget buat malem",https://assets.tokopedia.net/assets-tokopedia-lite/v2/zeus/kratos/85cc883d.svg,5,6 bulan lalu
rizal,"quality jelas oke banget, wanginya sesuai ekspetasi, tinggal durability nya belum di test",https://assets.tokopedia.net/assets-tokopedia-lite/v2/zeus/kratos/85cc883d.svg,5,5 bulan lalu
J***l,Wanginya unik dan enak clove dan orangenya dominan... keren racikannya Project 1945 keren...,https://assets.tokopedia.net/assets-tokopedia-lite/v2/zeus/kratos/85cc883d.svg,5,Lebih dari 1 tahun lalu
danielsumarjiyo,"Barang cepat sampai dgn aman, wanginya enak. Mantab, maju terus buat parfum2 lokal indo.",https://assets.tokopedia.net/assets-tokopedia-lite/v2/zeus/kratos/85cc883d.svg,5,Lebih dari 1 tahun lalu
M***e,"Cocok buat pecinta wangi spicy. Sudah pembelian varian ke 3, sementara ini lebih suka yg great batavia. Sering2 harga promo ya :)",https://assets.tokopedia.net/assets-tokopedia-lite/v2/zeus/kratos/85cc883d.svg,5,Lebih dari 1 tahun lalu
F***d,"Packingnya istimewa. Aromanya dari semprotan pertama tidak agresif enak lembut, aroma cengkehnya jadi khas banget Indonesia. Harganya reasonable. Cocok untuk harian.",https://assets.tokopedia.net/assets-tokopedia-lite/v2/zeus/kratos/85cc883d.svg,5,Lebih dari 1 tahun lalu
i***n,"Tertarik karena packagingnya yg kece tapi ternyata isinya juga bikin diri makin kece, sukak :D",https://assets.tokopedia.net/assets-tokopedia-lite/v2/zeus/kratos/85cc883d.svg,5,Lebih dari 1 tahun lalu
M***d,"Wanginyq enak, ngga terlalu strong mantal banget packagingnya juga keren abisss",https://assets.tokopedia.net/assets-tokopedia-lite/v2/zeus/kratos/85cc883d.svg,5,7 bulan lalu
Adit,"Wanginya fresh, hangat dan ada pedesnya gitu, seger bgt mirip kaya wangi dede bayi yg keluar sore2. Keren sesuai konsep ğŸ‘ğŸ½",https://assets.tokopedia.net/assets-tokopedia-lite/v2/zeus/kratos/85cc883d.svg,5,Lebih dari 1 tahun lalu
A***n,Menurut saya wanginya sangat Berkelas. â­ï¸â­ï¸â­ï¸â­ï¸â­ï¸,"https://assets.tokopedia.net/assets-tokopedia-lite/v2/zeus/kratos/85cc883d.svg, https://assets.tokopedia.net/assets-tokopedia-lite/v2/zeus/kratos/85cc883d.svg",5,Lebih dari 1 tahun lalu
Stefanus,"maaf bru ulas dan menyelesaikan pesanan, karena paket bru bisa saya ambil hari Sabtu nya",https://assets.tokopedia.net/assets-tokopedia-lite/v2/zeus/kratos/85cc883d.svg,5,Lebih dari 1 tahun lalu
Achmad,"Mantap, kemasan oke , spl ok, wangi cocok!!",https://assets.tokopedia.net/assets-tokopedia-lite/v2/zeus/kratos/85cc883d.svg,5,Lebih dari 1 tahun lalu
Andri,"Selalu suka sama packingnya, dan bisa dibilang sunset in sumba ini one of the best variant project 1945. Dia emang bukan wangi yg tahan lama bgt tp wanginya bikin tenang dan segar.",https://assets.tokopedia.net/assets-tokopedia-lite/v2/zeus/kratos/85cc883d.svg,5,10 bulan lalu
S***e,"gokil, aromanya enakÂ² semua project 1945. kebetulan sudah punya semua varian FB nya. semua aromanya mass pleasing dengan kualitas juice kelas atas. parfum lokal yang benar-benar bisa go internasional.  edit : lupa masukkan kode voucher jd gak dapat cashback 45rbğŸ˜­ğŸ˜­ğŸ˜­",https://assets.tokopedia.net/assets-tokopedia-lite/v2/zeus/kratos/85cc883d.svg,5,Lebih dari 1 tahun lalu
Haidar,"wanginya oke bgt, cocok di pagi/sore ke malem sih",https://assets.tokopedia.net/assets-tokopedia-lite/v2/zeus/kratos/85cc883d.svg,5,2 bulan lalu
Antoni,"wangi kayak ada mint minta gt, rapih packing, botolnya menarik banget,,,ğŸ‘ğŸ»",https://assets.tokopedia.net/assets-tokopedia-lite/v2/zeus/kratos/85cc883d.svg,5,3 bulan lalu
M***o,Scent : Ok SPL : Loyo (padahal pemakaian >10 spray termasuk dititik nadi & baju),https://assets.tokopedia.net/assets-tokopedia-lite/v2/zeus/kratos/85cc883d.svg,4,10 bulan lalu
Heru,"Herada though : Sesuai namanya Sunset, ketika pergantian siang ke malam akan ada unsur ""magis"" yang muncul pertama kamu semprotkan. Spicy diawal memang, tapi spic...",https://assets.tokopedia.net/assets-tokopedia-lite/v2/zeus/kratos/85cc883d.svg,5,Lebih dari 1 tahun lalu
M***a,Mengingatkan parfum Lac*ste yg dulu kala,https://assets.tokopedia.net/assets-tokopedia-lite/v2/zeus/kratos/85cc883d.svg,5,3 minggu lalu
Mohammad,wangi yang berkesan confident tapi ga terlalu frontal. mirip sama wangi nya aigner pour homme. 100% langganan #localpride,https://assets.tokopedia.net/assets-tokopedia-lite/v2/zeus/kratos/85cc883d.svg,5,Lebih dari 1 tahun lalu
Nugroho,"wangi enak, kesannya hangat. pengemasan dan pengiriman cepat.",https://assets.tokopedia.net/assets-tokopedia-lite/v2/zeus/kratos/85cc883d.svg,5,5 hari lalu
C***f,udah repurchase ke 385928274x wanginya cocok banget dipakai daily,https://assets.tokopedia.net/assets-tokopedia-lite/v2/zeus/kratos/85cc883d.svg,5,Lebih dari 1 tahun lalu
ahmad,mantapp jiwaaaa.......kerenn. nuhunnnn project 1945,"https://assets.tokopedia.net/assets-tokopedia-lite/v2/zeus/kratos/85cc883d.svg, https://assets.tokopedia.net/assets-tokopedia-lite/v2/zeus/kratos/85cc883d.svg, https://assets.tokopedia.net/assets-tokopedia-lite/v2/zeus/kratos/85cc883d.svg, https://assets.tokopedia.net/assets-tokopedia-lite/v2/zeus/kratos/85cc883d.svg",5,2 bulan lalu
Firdy,wangi tembakau nya enak banget... wangi kaya bungkus rokok yg harum.. khas bgt indonesia .. cloves nya juara... bisa saingan sama The Perfection nya si HMNS dgn harga yg...,https://assets.tokopedia.net/assets-tokopedia-lite/v2/zeus/kratos/85cc883d.svg,5,Lebih dari 1 tahun lalu
Febrian,harumnya seger.. baru unboxing. mudah2an wangi tahan lama .,"https://assets.tokopedia.net/assets-tokopedia-lite/v2/zeus/kratos/85cc883d.svg, https://assets.tokopedia.net/assets-tokopedia-lite/v2/zeus/kratos/85cc883d.svg",5,Lebih dari 1 tahun lalu
M***o,"Wangi nya enak, namun pengiriman jkt-jog lumayan lama, melebihi estimasi.",https://assets.tokopedia.net/assets-tokopedia-lite/v2/zeus/kratos/85cc883d.svg,4,2 minggu lalu
H***h,Selalu cocok dengan produk dari Project 1945,https://assets.tokopedia.net/assets-tokopedia-lite/v2/zeus/kratos/85cc883d.svg,5,8 bulan lalu
Bram,Wanginya unik ditambah pengalaman uboxing yg gak biasa dan dapet voucher diskon.,https://assets.tokopedia.net/assets-tokopedia-lite/v2/zeus/kratos/85cc883d.svg,5,10 bulan lalu
Rendy,"Boxnya bagus. Desain keren. Warna cocok bgt sama baunya. Fresh,elegant,dry down mellow",https://assets.tokopedia.net/assets-tokopedia-lite/v2/zeus/kratos/85cc883d.svg,5,Lebih dari 1 tahun lalu
Rhoald,Bagus amat packagingnya. Wanginya juga enakkkk. Wah bangga deh sama brand ini. Jadi ko coba parfum lainnya. ğŸ§¡,https://assets.tokopedia.net/assets-tokopedia-lite/v2/zeus/kratos/85cc883d.svg,5,10 bulan lalu
B***i,"parfume lokal pertama yg sy cocok, ayo dukung parfume lokal indonesia",https://assets.tokopedia.net/assets-tokopedia-lite/v2/zeus/kratos/85cc883d.svg,5,10 bulan lalu
Kezia,"sudah repurchase yang ketiga kali. sesuka itu sama wanginya. mantap project 1945, keep on doing the good work! anw, udah kedua kali dapat tester yang princess of java, itu juga enak wanginya.",https://assets.tokopedia.net/assets-tokopedia-lite/v2/zeus/kratos/85cc883d.svg,5,Lebih dari 1 tahun lalu
Ardiansyahlubis,"wanginya kyk kenal tapi apaa gitu ,  dpet tester prince of java wanginya cewek banget",https://assets.tokopedia.net/assets-tokopedia-lite/v2/zeus/kratos/85cc883d.svg,5,Lebih dari 1 tahun lalu
luqy,Wanginya sangat elegant dan tidak lengket di kuliy,https://assets.tokopedia.net/assets-tokopedia-lite/v2/zeus/kratos/85cc883d.svg,5,Lebih dari 1 tahun lalu
K***n,semprotan pertama baunya jaya gesbi ğŸ˜ğŸ˜ lama lama wangi mirip glasier oren,https://assets.tokopedia.net/assets-tokopedia-lite/v2/zeus/kratos/85cc883d.svg,5,10 bulan lalu
K***n,"terima kasih project 1945, terima kasih sicepet sangat cepet, udah botol ke 3 , mantaaps",https://assets.tokopedia.net/assets-tokopedia-lite/v2/zeus/kratos/85cc883d.svg,5,5 bulan lalu
T***i,Mantaapp.. wanginya cocok banget.. thank you,"https://assets.tokopedia.net/assets-tokopedia-lite/v2/zeus/kratos/85cc883d.svg, https://assets.tokopedia.net/assets-tokopedia-lite/v2/zeus/kratos/85cc883d.svg, https://assets.tokopedia.net/assets-tokopedia-lite/v2/zeus/kratos/85cc883d.svg",5,Lebih dari 1 tahun lalu
syuhada,"mantaaaapp wanginyaaaa, fast respon, good packing",https://assets.tokopedia.net/assets-tokopedia-lite/v2/zeus/kratos/85cc883d.svg,5,Lebih dari 1 tahun lalu
J***i,Buat anak cowoï¿¼ wanginya bikin rindu. Mau beli lagi nanti buat emaknya.,https://assets.tokopedia.net/assets-tokopedia-lite/v2/zeus/kratos/85cc883d.svg,5,Lebih dari 1 tahun lalu
V***a,"Expectation : Hari ini koleksi nya akhirnya lengkap. Reality : Muncul varian baru si ""Apresiasi"" Di tunggu release an Full Bottle nya ğŸ˜‚",https://assets.tokopedia.net/assets-tokopedia-lite/v2/zeus/kratos/85cc883d.svg,5,Lebih dari 1 tahun lalu
Farrelo,"Mantap baunya, packaging keren","https://assets.tokopedia.net/assets-tokopedia-lite/v2/zeus/kratos/85cc883d.svg, https://assets.tokopedia.net/assets-tokopedia-lite/v2/zeus/kratos/85cc883d.svg",5,Lebih dari 1 tahun lalu
I***l,"suka yg ini, seger  ada spicy, suka sekali",https://assets.tokopedia.net/assets-tokopedia-lite/v2/zeus/kratos/85cc883d.svg,5,Lebih dari 1 tahun lalu
M***d,"MANTAP BENER, MACAM"" NOTESNYA BIKIN NENEK SAYA BANGKIT DARI KUBUR SAMBIL SALTO""",https://assets.tokopedia.net/assets-tokopedia-lite/v2/zeus/kratos/85cc883d.svg,5,1 minggu lalu
agung,Terimakasih pelayanannya sangat memuaskan hehe,https://assets.tokopedia.net/assets-tokopedia-lite/v2/zeus/kratos/85cc883d.svg,5,Lebih dari 1 tahun lalu
h***f,"Wanginya enak, cocok buat lelaki",https://assets.tokopedia.net/assets-tokopedia-lite/v2/zeus/kratos/85cc883d.svg,5,Lebih dari 1 tahun lalu
A***q,Enak. Tapi ga dapet bonus tester â˜¹ï¸,https://assets.tokopedia.net/assets-tokopedia-lite/v2/zeus/kratos/85cc883d.svg,5,4 bulan lalu
Angga,"Smell good, afordable price ğŸ¤™","https://assets.tokopedia.net/assets-tokopedia-lite/v2/zeus/kratos/85cc883d.svg, https://assets.tokopedia.net/assets-tokopedia-lite/v2/zeus/kratos/85cc883d.svg, https://assets.tokopedia.net/assets-tokopedia-lite/v2/zeus/kratos/85cc883d.svg, https://assets.tokopedia.net/assets-tokopedia-lite/v2/zeus/kratos/85cc883d.svg",5,Lebih dari 1 tahun lalu
Faizal,gegara liat beberapa review jd penasaran ğŸ˜,https://assets.tokopedia.net/assets-tokopedia-lite/v2/zeus/kratos/85cc883d.svg,5,Lebih dari 1 tahun lalu
W***r,"kacau sih wanginya, enak parahh",https://assets.tokopedia.net/assets-tokopedia-lite/v2/zeus/kratos/85cc883d.svg,5,Lebih dari 1 tahun lalu
Tamba,menarik wangingya... dengan ukuran 100ml,https://assets.tokopedia.net/assets-tokopedia-lite/v2/zeus/kratos/85cc883d.svg,5,10 bulan lalu
V***d,barang bagus..pengiriman cepat,https://assets.tokopedia.net/assets-tokopedia-lite/v2/zeus/kratos/85cc883d.svg,5,9 bulan lalu
Maulana,"Udah nyoba versi mini nya dan enak banget, paling suka wangi tipe kaya gini atau juga Batavia. Tapi boleh dibilang ini ga terlalu versatile yah, klo lagi panas2 jangan de...",,5,1 minggu lalu
Arham,"wanginya enak, blind buy pun kayaknya aman2 aja tapi jangan berharap projection smpe 2 meter, karena parfumnya soft ga nyakitin hidung. ketahanan di kulit 4-5 jam, dibaju...",,5,3 bulan lalu
ifan,"kualitas tutup botolnya tolong bisa lebih bagus untuk harga segitu, baru pake 2 hari udah patah dan ga nutup",,5,Lebih dari 1 tahun lalu
sutria,"Produk diterima dengan baik, tidak ada pecah, packaging masih rapi",,5,6 bulan lalu
S***a,"Pas di Semasa galau antara Ubud dan Sumba, tapi akhirnya memutuskan untuk bawa pulang Ubud. Pas dapat info kalau Sumba bakal di discontinue, tanpa ragu langsung check out...",,5,Lebih dari 1 tahun lalu
M***d,"Barang sudah sampai dan suka banget sama wanginya Tapi sayang bonusnya kayaknya gak keikut ğŸ˜…, but overall sangat puas sama produknya",,5,6 bulan lalu
Frans,Wangi mirip sama. Hugo Boss Orange. Menenangkan Hati ğŸ¥°,https://assets.tokopedia.net/assets-tokopedia-lite/v2/zeus/kratos/85cc883d.svg,5,Lebih dari 1 tahun lalu
A***a,"Setelah nyobain exploration kitnya, pilihan jatuh ke Sunset in Sumba. Wanginya benerÂ² unik dan maskulin. Akhirnya beli versi 100 ml, semoga ketahanan wanginya sama dgn ve...",,5,Lebih dari 1 tahun lalu
H***a,"wanginya sesuai ekspektasi, tapi sayangnya sprayer parfum bocor saat dipakai",,4,Lebih dari 1 tahun lalu
Teuku,"Seperti biasa, proses pengiriman cepat ğŸ‘  Untuk wangi, jujur saya lebih suka yg versi 1.0 drpd yg 2.0. Ini . Yg 2.0. Ini mnrt saya wangi-nya lebih simple, lebih light dr...",,5,6 bulan lalu
M***l,"wanginya oke, ketahanan lumayan lama. hanya kualitas botol dan spraynya perlu diperhatikan",,4,8 bulan lalu
Muhammad,"Packing aman kebocoran, respon seller baik, cuma aroma produk bagi sy bikin pusing",,5,Lebih dari 1 tahun lalu
j***o,"Paket aman, kiriman cepat. Kemasan produk OK, harga disc. Wangi Ok unik, applenya terasa, hanya SPLnya aja yg kurang. Seller ok responsif.",,4,6 bulan lalu
Renryudan,"penilaian pribadi, lebih suka yang versi 2.0 ini lebih seger karena ada aroma apelnya di awal yg ga langsung semerbak spicy dan woodynya jadi lebih bertahap gitu, sedep b...",,5,10 bulan lalu
H***s,"Dusnya bagus dan rapi banget, sablonan di dusnyapun seperti dus parfum mahal. Wanginya di luar ekspektasi, enak dan suka banget ğŸ‘ğŸ½",,5,10 bulan lalu
Darryl,"kualitas packaging bagus, wangi sangat cocok mantap ğŸ‘ğŸ‘",,5,Lebih dari 1 tahun lalu
W***y,"kepakai gopay coin, jadinya voucher auto ke reject Tokopedia karena belum mencapai min pembayaran 245rb, parah sih  ketahanan paling mendingan di antara exploration1.0, s...",,5,Lebih dari 1 tahun lalu
Rindu,"Seger diawal, lama2 ada hint manisnya. Cocok dipake pas siang-sore",,5,Lebih dari 1 tahun lalu
Jun,"wanginya enak, untuk performa keseluruhan 3/5, projection sama longetivitynya masih kurang puas jika disandingkan dengan motto ""dari indonesia untuk dunia"", tapi...",,5,Lebih dari 1 tahun lalu
Y***s,"First sniff langsung suka pake banget! Memang tipikal yang spicy yet warm dan yang pastinya sopan banget masuk ke hidung, ketahanan kalo dikulit gw best for 6 hour tapi m...",,5,10 bulan lalu
A***r,"wanginya ngeblend jadi gak terlalu warm, gak terlalu manis, pas lah pokoknya. top  project 1945",,5,9 bulan lalu
Fadil,"Wanginya enak banget. Buat kalian yang suka wangi bold, strong bakal suka ini. Cocok buat acara formal atau dipakai pas malam.",,5,5 bulan lalu
S***f,"overall bagus wanginya enak tapi ketahanan kurang,kurang kuat dan semprotannya suka macet",,3,Lebih dari 1 tahun lalu
Fikhi,Aroma yg khas dan bold enak untuk dipake. Puas dengan aroma nya ğŸ‘ğŸ‘ğŸ‘,,5,10 bulan lalu
Nanda,"packaging bagus dan aman. aroma parfum nya lumayan kenceng, segar orange diawal lalu hangat spices dibelakang",,5,Lebih dari 1 tahun lalu
Cipta,Mungkin gw dapat batch nya yg lg jelek kali yah?  gw mesti crut berkali2 biar bisa cium wanginya.. Dan ga lama juga wanginya sama mesti nempel banget ke hidung biar keciu...,,4,5 bulan lalu
Shohibul,notes apple sama cardamom nya well blended sekali. pengiriman cepat juga cuma sehari ğŸ‘,,5,9 bulan lalu
Fery,"wangi kurang awet aja, cuman sekitar 3 4 jam .. tapi enak",,4,Lebih dari 1 tahun lalu
A***h,"packing sangat-sangat aman, wanginya gak usah diragukan. sesuai dengan apa yang sudah pada ngereview",,5,8 bulan lalu
Khoirul,Enak baunya. Bikin pacar makin lengket. Ini masih blm lepas.,,5,Lebih dari 1 tahun lalu
Rizqi,"setelah beli tester akhirnya pilihan jatuh sama sunset in sumba ini, wanginya ga pasaran dan punya ciri khas sendiri gada kepikiran ""kayak pernah nyium bau kayak gini...",,5,Lebih dari 1 tahun lalu
Rorry,Scent: OK tp sayang SPL nya loyo banget. semoga bisa di improve lagi. Agak mahal lagi tidak masalah tapi performance nya sesuai. Suka banget sama scent nya.,,4,9 bulan lalu
Heru,duhh wanginyaaa.. fresh tetep seksi,https://assets.tokopedia.net/assets-tokopedia-lite/v2/zeus/kratos/85cc883d.svg,5,10 bulan lalu
Luthfi,perfect masculine *** for office and night hang out,,5,3 bulan lalu
B***u,so far so good spl is not the best but smells rly good,,5,Lebih dari 1 tahun lalu
D***u,"menurutku wanginya enak,agak strong waktu di awal tahannya sampe3-4 jam",,4,Lebih dari 1 tahun lalu
Yudhi,"pembelian ke - 2 , dibanding pembelian pertama seri batavia, sunset in sumba lebih asik sih  gak terlalu berat, dry down nya otentik :)",,5,6 bulan lalu
F***z,"Wanginya enak, cuma belum biasaa ajaa",https://assets.tokopedia.net/assets-tokopedia-lite/v2/zeus/kratos/85cc883d.svg,5,Lebih dari 1 tahun lalu
Alvin,"gw puas banget sama feel unboxing nya, untuk aroma nya kaya gak asing dihidung gw, warm and spicy nya gw suka !",,4,9 bulan lalu
Jana,"Enak banget fragrancenya, cocok dan big value for money, will buy again for sure!",,5,Lebih dari 1 tahun lalu
a***m,"wanginya cocok buat acara2 formal. ga norak ga ********** suka banget. tapi untuk ketahanan lumayan cepet hilang, jadi hrus spray lagi kalau mau dpt wanginya terus. 9/10 sangat rekom ğŸ‘ğŸ»",,5,Lebih dari 1 tahun lalu
Rio,"ternyata benerre... ini parfum lokal, kualitas dunia",,5,Lebih dari 1 tahun lalu
I***g,Mantab pengiriman cepat notesnya gokil semua. Maskulin tapi sopan ğŸ˜,,5,2 minggu lalu
Var,"suka baunya, maskulin dan halus tapi ttp tegas",,5,Lebih dari 1 tahun lalu
R***S,Susah sering beli disini wanginya enak  recomended,,5,1 bulan lalu
Gemma,Sebelumnya beli The Scent of Ubud dan sangat puas dengan aroma nya. Sama juga dengan yang sekarang....luv it,,5,9 bulan lalu
Febby,"Packaging aman bgt, wanginya enak dan awet",,5,Lebih dari 1 tahun lalu
D***n,"Ternyata agak mirip sama rasasi darej, enak ğŸ‘ğŸ¾",,5,1 bulan lalu
Bayu,wanginyaa beneran maniss jadi enak bgt kalo dipakai pas santai2,,5,Lebih dari 1 tahun lalu
A***s,"wangi apel manis & rempah, packaging bagus",,5,4 bulan lalu
T***k,"Packing aman, Kemasan keren, Wanginya enak awet kalem dan tidak terlalu menyengat",,5,Lebih dari 1 tahun lalu
M***d,"Barang cepat dikirim. Barang bagus, rekomendasi. Akan order lagi",,5,7 bulan lalu
A***n,Packagingnya selalu favorit. Tahan di kulit saya sampai 6 jam. Lebih smooth daripada edisi pertama tapi tetap bold dan warm banget. Definitely gonna use this as my signature night scent.,,5,10 bulan lalu
Michael,"Packaging proper, wangi enak, worth to try& buy",,5,Lebih dari 1 tahun lalu
Indra,"Awalnya ga yakin, tapi saya salah. Saya jatuh cinta dari semprotan pertama!! Bangga banget",,5,Lebih dari 1 tahun lalu
Sylvia,"wanginya sexy, lebih berat, kl cewe mungkin lebih ke nightime, tp cowo oke bgt pakai ini",,5,1 bulan lalu
H***o,"wangi nya special dan unik. dan yg paling penting enak bangetğŸ‘ğŸ‘  sekarang jd penasaran sama varian ""Apresiasi"". keep up the good work Project 1945ğŸ‰ğŸ‰",,5,Lebih dari 1 tahun lalu
S***i,"Sudah dua kali order parfum ""Sunset in Sumba"" dan ga pernah kecewa dengan aromanya. pengiriman juga cepat, admin responsif, mantep dah pokoknya....",,5,Lebih dari 1 tahun lalu
Muhammad,wanginya mirip the great batavia tetapi lebih spicy,,5,1 bulan lalu
Okky,"Alhamdulillah barang sampe dengan selamat, aroma parfum enak dan nyaman buat ibadah dan kerja",,5,10 bulan lalu
M***d,"baunya enak, aroma remoah rempahnya lumayan kuatt, kesannya warm & spicy. Cuman kurang di longevity nya aja sihğŸ˜¢",,5,4 bulan lalu
Edwin,"beh mantep banget, packing super aman. isinya juga norak, baunya enak kaya dupe parfum jutaan",,5,Lebih dari 1 tahun lalu
B***n,box dan botol nya ok banget fresh harumnya,,5,Lebih dari 1 tahun lalu
Ayu,"love bow its smells.... packing rapi, kirim cepet",,5,Lebih dari 1 tahun lalu
D***o,"Nice barang sampai dengan selamat, box nyaa juara banget built qualitynyaa next bakal orderğŸ«¶",,5,Lebih dari 1 tahun lalu
Moss,"parfum lokal rasa internasional ...baunya laki2 banget .. mantulll , recomended bangettttt",,5,Lebih dari 1 tahun lalu
A***m,"asli sukaa,top note,middle,base enak semuaa",,5,Lebih dari 1 tahun lalu
M***d,Lumayan lah untuk kesan pertama nya untuk kekuatan wangi nya lumayan okeğŸ™,,4,Lebih dari 1 tahun lalu
Yoga,Kualitas parfumnya baguss ğŸ§¡ cm agak lama di pengirimannya aja,,5,Lebih dari 1 tahun lalu
Hasyim,aroma hit lavender terlindung dari nyamuk hingga 12 jam!!,,4,1 bulan lalu
E***n,Kirain dr bbrp reviewbakalan wow bgt ini produk ternyata g tahan lama,,3,Lebih dari 1 tahun lalu
M***d,"Suka banget wanginya, sangat amat cocok!!!!",,5,7 bulan lalu
I,"tidak pernah mengecewakan untuk produknyaa, cuma buat pilihan kurirnya tidak ada sameday/instant huhuhu",,5,Lebih dari 1 tahun lalu
M***d,Asli ini underpriced bgt ga boongğŸ˜­ğŸ™,,5,7 bulan lalu
K***d,Wanginya bener bener khas parfume cowo yang bold. Jadi kalo untuk perempuan yang lebih suka floral atau wangi yang soft akan ga cocok.,,5,10 bulan lalu
Ben,Parfum dengan kualitas melebihi harga jual ğŸ‘ TOP! sukses terus,,5,Lebih dari 1 tahun lalu
Riski,akan jadi brand parfum favorit!,https://assets.tokopedia.net/assets-tokopedia-lite/v2/zeus/kratos/85cc883d.svg,5,6 bulan lalu
H***a,sorry to say tapi lebih demen yang V. 1 ğŸ˜…,,4,10 bulan lalu
Dipa,enak banget dipake kalo keluar malam,,5,Lebih dari 1 tahun lalu
iqbal,"daya tahan lama harumnya kurang banget, terlalu overrated. Ga recommend ! lebih baik HMNS. Spend money lebih tapi kualitas jauh !!  Jangan terlalu kemakan isu lebay kaya...",,1,10 bulan lalu
E***a,luvvv sukak bgt. berharap bakalan di kasi tester gituuu tadinya biar tau wangii yg lainn. tp gpp i tetep luv. next bamboe roencing atau the great batavia yaaa? hmm ğŸ¤”,,5,Lebih dari 1 tahun lalu
Javanica,"Pengiriman sangat ekspres, klo mau wangi yg khas/ unik ini sih jawabannya",,5,Lebih dari 1 tahun lalu
Mohammad,"my brother loves this fragrance. It fits his friendly, laidback, yet energetic and complex personality. plus, it captures the feel of ""sunset in sumba"" very well....",,5,2 bulan lalu
F***i,"yg lain pada dikasih sample, gw yg udah kasih note minta sample malah kaga dikasih. padahal pasti gw beli lagi kalau sample yg dikirim cocok. jadi males review",,4,1 bulan lalu
A***r,Ini adalah parfum yang menggoda di kala senja. Membuat orang yang kita lalui untuk memandangi dalam senyap. Aroma manja namun menggoda yang dapat merasuk sukma. Tiada pen...,,5,10 bulan lalu
Joe,Aroma enak tapi kurang tahan lama,,4,9 bulan lalu
Bayu,wanginya enak dan gk overğŸ‘,https://assets.tokopedia.net/assets-tokopedia-lite/v2/zeus/kratos/85cc883d.svg,5,Lebih dari 1 tahun lalu
Y***r,"Udah pernah nyobain, dan aromanya cocok buat saya.",,5,Lebih dari 1 tahun lalu
D***y,"wangi cukup unik, tahan sekitar 4 jam",,4,Lebih dari 1 tahun lalu
Winardi,"Repeat Order Sumba ke 2. pengen yg Batavia, tapi lagi belum restock. Pelayanan dan pengiriman selalu memuaskan.",,5,Lebih dari 1 tahun lalu
Historicall,seger banget okeii di tunggu restok great batavia,,5,Lebih dari 1 tahun lalu
R***S,Sudah ering banget beli disini wanginya enak banget,,5,1 bulan lalu
Rendy,sesuka itu sama wanginya.. bakal beli lagi. tapi mau coba yg batavia.,,5,Lebih dari 1 tahun lalu
B***g,ğŸ”¥ğŸ”¥ğŸ”¥ğŸ”¥ğŸ”¥ Tinggal test ketahanan,https://assets.tokopedia.net/assets-tokopedia-lite/v2/zeus/kratos/85cc883d.svg,5,Lebih dari 1 tahun lalu
arif,,https://assets.tokopedia.net/assets-tokopedia-lite/v2/zeus/kratos/85cc883d.svg,5,3 bulan lalu
Harry,"nggak tahan, cuma 1 Jam an.. mending beli parfum lain deh",,2,6 bulan lalu
C***f,baunya nyaman banget!,https://assets.tokopedia.net/assets-tokopedia-lite/v2/zeus/kratos/85cc883d.svg,5,Lebih dari 1 tahun lalu
J***i,"order lanjutan stlh coba bamboe roencing,, box mantap, paket aman & wangi enak utk night scent ğŸ‘ğŸ»",,5,Lebih dari 1 tahun lalu
N***r,"wanginya cocok, packaging mantap",,5,6 bulan lalu
H***a,"sedih di-discontinue, aku suka bgt sunset in sumba :(",,5,Lebih dari 1 tahun lalu
Zaldi,Suka banget sama Sunset of Sumba. Sampe langsung beli 2 botol. â¤ï¸,,5,Lebih dari 1 tahun lalu
D***l,wanginya oke banget buat suasana sore hari menuju ke malam,,5,Lebih dari 1 tahun lalu
N***g,The smell is different and really nice,,5,Lebih dari 1 tahun lalu
Noviardi,wewwww wanginyaa maskulinn machooooooooo cuyyyyy,https://assets.tokopedia.net/assets-tokopedia-lite/v2/zeus/kratos/85cc883d.svg,5,Lebih dari 1 tahun lalu
D***o,Kena keringet makin mantep wanginya,,5,Lebih dari 1 tahun lalu
Ali,Pesanan sudah diterima n sampai dengan aman,https://assets.tokopedia.net/assets-tokopedia-lite/v2/zeus/kratos/85cc883d.svg,5,8 bulan lalu
E***a,ini gokil banget sihhh.. aromanya bikin candu !!!,,5,Lebih dari 1 tahun lalu
Rachman,Best bgt wanginya. Produk lokal best,,5,4 bulan lalu
Chandra,"wanginya nenangin banget, enak ğŸ¥°",,5,10 bulan lalu
R***S,"ARA ARA ARAAAAAA MANTAP, ORIGINAL",,5,3 bulan lalu
reza,wangi nya kreeen,https://assets.tokopedia.net/assets-tokopedia-lite/v2/zeus/kratos/85cc883d.svg,5,Lebih dari 1 tahun lalu
L***a,Wangi terbaik yang pernah dibuat parfum lokal.,,5,Lebih dari 1 tahun lalu
Bima,Project Sumba 2.0,https://assets.tokopedia.net/assets-tokopedia-lite/v2/zeus/kratos/85cc883d.svg,5,9 bulan lalu
C***n,Sesuai pesanan. Wanginya enak ğŸ‘ğŸ¼,,5,Lebih dari 1 tahun lalu
Hermawan,"Wanginya awet, ğŸ‘ğŸ¼ kualitas",,5,Lebih dari 1 tahun lalu
Rudi,"Wanginya Calm, enak. Sesuai selera saya",,5,Lebih dari 1 tahun lalu
T***s,"Pengiriman cepat, Suka sama wanginya",,5,4 bulan lalu
F***i,wanginya hangat cowok banget,https://assets.tokopedia.net/assets-tokopedia-lite/v2/zeus/kratos/85cc883d.svg,5,9 bulan lalu
Andika,Mantap sih ini beneran,https://assets.tokopedia.net/assets-tokopedia-lite/v2/zeus/kratos/85cc883d.svg,5,Lebih dari 1 tahun lalu
F***y,Mantap wanginnya sukaaaaa,https://assets.tokopedia.net/assets-tokopedia-lite/v2/zeus/kratos/85cc883d.svg,5,Lebih dari 1 tahun lalu
faruq,Best. Oke wanginya,https://assets.tokopedia.net/assets-tokopedia-lite/v2/zeus/kratos/85cc883d.svg,5,Lebih dari 1 tahun lalu
R***l,"Sesuai ekspektasi, next pengen cobain yg ubud :D",,5,Lebih dari 1 tahun lalu
S***d,Lovely scent,"https://assets.tokopedia.net/assets-tokopedia-lite/v2/zeus/kratos/85cc883d.svg, https://assets.tokopedia.net/assets-tokopedia-lite/v2/zeus/kratos/85cc883d.svg",5,Lebih dari 1 tahun lalu
Ignatius,wanginya enak benerrrr,https://assets.tokopedia.net/assets-tokopedia-lite/v2/zeus/kratos/85cc883d.svg,5,Lebih dari 1 tahun lalu
Muhammad,mantab wanginya.. bukan wangi pasaran..,,5,2 bulan lalu
Ryuzaki,Cakep,https://assets.tokopedia.net/assets-tokopedia-lite/v2/zeus/kratos/85cc883d.svg,5,10 bulan lalu
R***i,mantep wangi nya. rekomended banget,,5,1 bulan lalu
YSD,"sesuai iklan , bau nya enakss",,5,Lebih dari 1 tahun lalu
Markohan,Love the smell!!!,https://assets.tokopedia.net/assets-tokopedia-lite/v2/zeus/kratos/85cc883d.svg,5,Lebih dari 1 tahun lalu
Dwi,2 kali beli parfum ini ga pernah mengecewakan,,5,2 bulan lalu
N***a,"keren bgt packagingnyaa suka, belom coba baunya soalnya buat kado",,5,Lebih dari 1 tahun lalu
A***r,Pelayanan cepat dan baik,,5,Lebih dari 1 tahun lalu
Niken,wanginya maskulin segerğŸ‘,https://assets.tokopedia.net/assets-tokopedia-lite/v2/zeus/kratos/85cc883d.svg,5,Lebih dari 1 tahun lalu
A***a,"Blind buy, semoga cocok.",https://assets.tokopedia.net/assets-tokopedia-lite/v2/zeus/kratos/85cc883d.svg,5,9 bulan lalu
Kenny,Best ğŸ‘,https://assets.tokopedia.net/assets-tokopedia-lite/v2/zeus/kratos/85cc883d.svg,5,10 bulan lalu
h***i,"mantap, wanginya enak banget",,5,Lebih dari 1 tahun lalu
N***l,Suka banget wanginya kaaa,https://assets.tokopedia.net/assets-tokopedia-lite/v2/zeus/kratos/85cc883d.svg,5,Lebih dari 1 tahun lalu
f***i,kelasss,https://assets.tokopedia.net/assets-tokopedia-lite/v2/zeus/kratos/85cc883d.svg,5,Lebih dari 1 tahun lalu
t***o,Selalu jadi yang terbaik,https://assets.tokopedia.net/assets-tokopedia-lite/v2/zeus/kratos/85cc883d.svg,5,Lebih dari 1 tahun lalu
Galih,kualitas bagus,,5,Lebih dari 1 tahun lalu
Anggit,wangi nya oke packing aman,,5,6 bulan lalu
E***k,"cocok aromanya, laki nya pas",,5,1 bulan lalu
Rizal,Super rekomen!!,https://assets.tokopedia.net/assets-tokopedia-lite/v2/zeus/kratos/85cc883d.svg,5,Lebih dari 1 tahun lalu
K***n,"Wanginya enak, sesuai harga",,5,4 bulan lalu
Rizki,Barang diterima baik,https://assets.tokopedia.net/assets-tokopedia-lite/v2/zeus/kratos/85cc883d.svg,5,2 minggu lalu
H***n,ok,"https://assets.tokopedia.net/assets-tokopedia-lite/v2/zeus/kratos/85cc883d.svg, https://assets.tokopedia.net/assets-tokopedia-lite/v2/zeus/kratos/85cc883d.svg",5,Lebih dari 1 tahun lalu
Valerian,"Fresh wanginya, rasanya seger",,5,9 bulan lalu
Y***a,Wanginya sukak!,https://assets.tokopedia.net/assets-tokopedia-lite/v2/zeus/kratos/85cc883d.svg,5,Lebih dari 1 tahun lalu
T***h,disukai oleh orang yang ku suka,,5,10 bulan lalu
M,Pembelian ke sekian,https://assets.tokopedia.net/assets-tokopedia-lite/v2/zeus/kratos/85cc883d.svg,5,6 bulan lalu
Adi,wangi gan ğŸ‘,https://assets.tokopedia.net/assets-tokopedia-lite/v2/zeus/kratos/85cc883d.svg,5,Lebih dari 1 tahun lalu
I***l,Bagus wanginya enak bangetttt,,5,Lebih dari 1 tahun lalu
Fuad,baru coba,https://assets.tokopedia.net/assets-tokopedia-lite/v2/zeus/kratos/85cc883d.svg,5,Lebih dari 1 tahun lalu
Gie,Suka,https://assets.tokopedia.net/assets-tokopedia-lite/v2/zeus/kratos/85cc883d.svg,5,9 bulan lalu
S***o,Nice,https://assets.tokopedia.net/assets-tokopedia-lite/v2/zeus/kratos/85cc883d.svg,5,8 bulan lalu
Aulia,Bagus barang cepat sampai,,5,9 bulan lalu
Hanggono,Suka aromanya,https://assets.tokopedia.net/assets-tokopedia-lite/v2/zeus/kratos/85cc883d.svg,5,Lebih dari 1 tahun lalu
Awo,Mantep betol,https://assets.tokopedia.net/assets-tokopedia-lite/v2/zeus/kratos/85cc883d.svg,5,Lebih dari 1 tahun lalu
Cahyo,parfum lokal terbaik yg pernah sy coba,,5,Lebih dari 1 tahun lalu
Farhan,spl nya kurang,,4,2 bulan lalu
Aryo,cocok sekali,,5,Lebih dari 1 tahun lalu
M***d,"josss, next varian lain.",https://assets.tokopedia.net/assets-tokopedia-lite/v2/zeus/kratos/85cc883d.svg,5,7 bulan lalu
F***i,mantab,https://assets.tokopedia.net/assets-tokopedia-lite/v2/zeus/kratos/85cc883d.svg,5,Lebih dari 1 tahun lalu
Hanif,,https://assets.tokopedia.net/assets-tokopedia-lite/v2/zeus/kratos/85cc883d.svg,5,1 bulan lalu
Wawan,,https://assets.tokopedia.net/assets-tokopedia-lite/v2/zeus/kratos/85cc883d.svg,5,2 bulan lalu
agil,,https://assets.tokopedia.net/assets-tokopedia-lite/v2/zeus/kratos/85cc883d.svg,5,5 bulan lalu
maurierry,,https://assets.tokopedia.net/assets-tokopedia-lite/v2/zeus/kratos/85cc883d.svg,5,10 bulan lalu
R***n,,https://assets.tokopedia.net/assets-tokopedia-lite/v2/zeus/kratos/85cc883d.svg,5,Lebih dari 1 tahun lalu
a***f,,https://assets.tokopedia.net/assets-tokopedia-lite/v2/zeus/kratos/85cc883d.svg,5,Lebih dari 1 tahun lalu
Moch,,https://assets.tokopedia.net/assets-tokopedia-lite/v2/zeus/kratos/85cc883d.svg,5,Lebih dari 1 tahun lalu
Andreas,,https://assets.tokopedia.net/assets-tokopedia-lite/v2/zeus/kratos/85cc883d.svg,5,Lebih dari 1 tahun lalu
K***n,,https://assets.tokopedia.net/assets-tokopedia-lite/v2/zeus/kratos/85cc883d.svg,5,Lebih dari 1 tahun lalu
Y***s,Wanginya laki banget gua suka,,5,1 minggu lalu
E***a,superb. wanginya cocok,,5,3 minggu lalu
J***e,Belum di coba tapi semoga yg dikasih nanti suka,,5,7 bulan lalu
A***n,dabest blind buy ever,,5,2 minggu lalu
Andriansyah,Mantap banget wangi nya,,5,7 bulan lalu
Rahman,Wanginya kurang lamaaa,,4,Lebih dari 1 tahun lalu
D***s,ğŸ‘,https://assets.tokopedia.net/assets-tokopedia-lite/v2/zeus/kratos/85cc883d.svg,5,9 bulan lalu
Hidayat,wanginya enak,,5,4 bulan lalu
N***m,Semoga suka blm di coba,https://assets.tokopedia.net/assets-tokopedia-lite/v2/zeus/kratos/85cc883d.svg,5,Lebih dari 1 tahun lalu
M,Selalu indah wangi nya,,5,Lebih dari 1 tahun lalu
B***n,Packagingnya terniat,,5,7 bulan lalu
Kezia,sukaaa banget wanginya.mantap,,5,Lebih dari 1 tahun lalu
Azzam,"Warm scent, robust longevity",,5,Lebih dari 1 tahun lalu
F***n,Mantap banget parfumnya!,,5,3 minggu lalu
M***d,ga nyesel,,5,Lebih dari 1 tahun lalu
Rizky,MantaaaaaaaPppppppp,https://assets.tokopedia.net/assets-tokopedia-lite/v2/zeus/kratos/85cc883d.svg,5,10 bulan lalu
Santi,suami ku suka dgn wangi nya,,5,9 bulan lalu
D***y,Love,,5,Lebih dari 1 tahun lalu
R***y,suka bgt sama wanginya!,,5,Lebih dari 1 tahun lalu
B***g,wanginya mantap,,5,Lebih dari 1 tahun lalu
A***o,wangi,,5,10 bulan lalu
Susanto,expecting,,5,9 bulan lalu
A***n,wanginya mantap!,,5,Lebih dari 1 tahun lalu
Hendy,mantap,,5,10 bulan lalu
F***a,project 1945 alwaysğŸ”›ğŸ”,,5,1 bulan lalu
Irfan,Mantap wangi parfumnya.....,,5,9 bulan lalu
I***n,mantappp,,5,Lebih dari 1 tahun lalu
V***o,suka aromanya,,5,Lebih dari 1 tahun lalu
Skye,mantaps,,5,7 bulan lalu
M***d,suka bgt,,5,Lebih dari 1 tahun lalu
M***d,mantabzz,,5,Lebih dari 1 tahun lalu
Daniel,mantab,,5,4 bulan lalu
X***z,ntapss,,5,4 bulan lalu
rayhan,mantapppp,,5,Lebih dari 1 tahun lalu
Fakhry,Wanginya mantapp,,5,Lebih dari 1 tahun lalu
Andreas,Yg di nanti2kan ğŸ˜ğŸ˜,,5,Lebih dari 1 tahun lalu
G***o,TOP !,,5,Lebih dari 1 tahun lalu
a***n,jos buat yang ini,,5,Lebih dari 1 tahun lalu
Farhan,mntp,,5,Lebih dari 1 tahun lalu
D***s,ğŸ‘,,5,Lebih dari 1 tahun lalu
Farhan,ğŸ‘ğŸ¼,,5,Lebih dari 1 tahun lalu
Axel,ğŸ¤ŸğŸ¤Ÿ,,5,Lebih dari 1 tahun lalu
M***d,ğŸ˜ğŸ˜ğŸ˜,,5,6 bulan lalu
Fajar,"Semua enak! Sunset in sumba ini wanginya elegant, menurut saya cocok untuk formal maupun semi formal. Packaging boxnya cakep banget cocok buat jadi gift.",https://assets.tokopedia.net/assets-tokopedia-lite/v2/zeus/kratos/85cc883d.svg,5,Lebih dari 1 tahun lalu
M***e,"Baunya harum, packagingnya perfect.",,5,Lebih dari 1 tahun lalu
Samuel,,"https://assets.tokopedia.net/assets-tokopedia-lite/v2/zeus/kratos/85cc883d.svg, https://assets.tokopedia.net/assets-tokopedia-lite/v2/zeus/kratos/85cc883d.svg, https://assets.tokopedia.net/assets-tokopedia-lite/v2/zeus/kratos/85cc883d.svg",5,Lebih dari 1 tahun lalu
Rizka,"Wanginya cukup, projectionnya bagus sekitar 1 jam awal. longevity di badan saya cuma sampai 4 jam",,5,Lebih dari 1 tahun lalu
Hengki,Above expectations ğŸ”¥ Wanginya kelas dunia dari Indonesia.   Packaging aman dan rapi.  Sangat cepat pelayanan.   G sabar tunggu Bamboe Roencing ready.,"https://assets.tokopedia.net/assets-tokopedia-lite/v2/zeus/kratos/85cc883d.svg, https://assets.tokopedia.net/assets-tokopedia-lite/v2/zeus/kratos/85cc883d.svg",5,Lebih dari 1 tahun lalu
Ilham,KEREN PARAH,,5,Lebih dari 1 tahun lalu
E***i,ğŸ‘ğŸ‘ğŸ‘ğŸ‘ğŸ‘,,5,Lebih dari 1 tahun lalu
Vincent,"Barang bagus, pengiriman cepat, dan wangi ckup ok dan nice",https://assets.tokopedia.net/assets-tokopedia-lite/v2/zeus/kratos/85cc883d.svg,5,Lebih dari 1 tahun lalu
N***a,"Terpesona dengan kardus parfumnya, sangat Sumba dan Indonesia banget. Cobain aromanya, wawwwwww enak banget. Aroma yang cocok di saya, cocok untuk cowok. Dapet free 5 ml...","https://assets.tokopedia.net/assets-tokopedia-lite/v2/zeus/kratos/85cc883d.svg, https://assets.tokopedia.net/assets-tokopedia-lite/v2/zeus/kratos/85cc883d.svg, https://assets.tokopedia.net/assets-tokopedia-lite/v2/zeus/kratos/85cc883d.svg",5,Lebih dari 1 tahun lalu
m,"parah sih ini jeren banget woiiii, local pride","https://assets.tokopedia.net/assets-tokopedia-lite/v2/zeus/kratos/85cc883d.svg, https://assets.tokopedia.net/assets-tokopedia-lite/v2/zeus/kratos/85cc883d.svg, https://assets.tokopedia.net/assets-tokopedia-lite/v2/zeus/kratos/85cc883d.svg",5,Lebih dari 1 tahun lalu
Ilham,KEREN PARAH,,5,Lebih dari 1 tahun lalu
Hengki,Above expectations ğŸ”¥ Wanginya kelas dunia dari Indonesia.   Packaging aman dan rapi.  Sangat cepat pelayanan.   G sabar tunggu Bamboe Roencing ready.,"https://assets.tokopedia.net/assets-tokopedia-lite/v2/zeus/kratos/85cc883d.svg, https://assets.tokopedia.net/assets-tokopedia-lite/v2/zeus/kratos/85cc883d.svg",5,Lebih dari 1 tahun lalu
B***s,Enak si baunya tp mungkin karna tipenya parfume ya bukan edt jd harus agak banyak gt biar wanginya tahan lama hehe So far so goodd mantabbb ğŸ™ŒğŸ¼,,5,Lebih dari 1 tahun lalu
M***l,ğŸ‘ŒğŸ‘Œ,,5,Lebih dari 1 tahun lalu
jack,"Packing rapih, parfum mantep,",,5,Lebih dari 1 tahun lalu
M***a,packaging cakep bgt. bener2 cocok jadi gift,https://assets.tokopedia.net/assets-tokopedia-lite/v2/zeus/kratos/85cc883d.svg,5,Lebih dari 1 tahun lalu
Samuel,,"https://assets.tokopedia.net/assets-tokopedia-lite/v2/zeus/kratos/85cc883d.svg, https://assets.tokopedia.net/assets-tokopedia-lite/v2/zeus/kratos/85cc883d.svg, https://assets.tokopedia.net/assets-tokopedia-lite/v2/zeus/kratos/85cc883d.svg",5,Lebih dari 1 tahun lalu
Muhammad,"Suka wanginya, mantaapppp",,5,Lebih dari 1 tahun lalu
Kartono,wanginya enak bgt dan tahan lama ğŸ‘ŒğŸ»,"https://assets.tokopedia.net/assets-tokopedia-lite/v2/zeus/kratos/85cc883d.svg, https://assets.tokopedia.net/assets-tokopedia-lite/v2/zeus/kratos/85cc883d.svg",5,Lebih dari 1 tahun lalu
Ardiansyah,enak wanginya mantappp,,5,Lebih dari 1 tahun lalu
Sardolian,"Parfum Indonesia yang boljug. Sumba aroma rempahnya berasa, gak nyengat, soft, tapi harumnya pas dipake cowo. Kemasan bagus! Semogaproduk Indo makin maju.",,5,Lebih dari 1 tahun lalu
Victor,Wanginya enak,,5,Lebih dari 1 tahun lalu
m***g,Recomend pokoknya ğŸ‘ğŸ‘,https://assets.tokopedia.net/assets-tokopedia-lite/v2/zeus/kratos/85cc883d.svg,5,Lebih dari 1 tahun lalu
Banyu,terbaikk parfumnya,https://assets.tokopedia.net/assets-tokopedia-lite/v2/zeus/kratos/85cc883d.svg,5,Lebih dari 1 tahun lalu
F***y,Perfect!!,,5,Lebih dari 1 tahun lalu
v***o,telah sampai,,5,Lebih dari 1 tahun lalu
J***y,makasih ğŸ™ğŸ™,https://assets.tokopedia.net/assets-tokopedia-lite/v2/zeus/kratos/85cc883d.svg,5,Lebih dari 1 tahun lalu
Aldo,"packaging top notch bgt ketagihan abis beli vial sample kit nyaa, langsung beli yg gede deh.",https://assets.tokopedia.net/assets-tokopedia-lite/v2/zeus/kratos/85cc883d.svg,5,Lebih dari 1 tahun lalu
Aji,Love it,,5,Lebih dari 1 tahun lalu
m***a,"barang sampai dengan selamat, tapi sayang sekali sticker di botolnya miring, mungkin di sebagian orang nggapapa karena tapi di aku ganggu banget:( tapi ngga lama di chat...",https://assets.tokopedia.net/assets-tokopedia-lite/v2/zeus/kratos/85cc883d.svg,5,Lebih dari 1 tahun lalu
Ian,"packaging dan conceptnya keren dan rapih .. cumaa kalau baunya pribadi sih berasa familiar, gak berasa baru... sama ketahanan wanginya cuma sebentar.. pendapat pribadi ya...",,5,Lebih dari 1 tahun lalu
I***m,"Dipake di malam hari ok banget sih, rekan kerja pada bilang parfumnya enak. Boleh request perfume gourmand gasihh buat kalian? yg manis gituu tonka amber patchouli. maybe...",,5,Lebih dari 1 tahun lalu
Nico,"pengiriman cepat, wangin nya enak bgtğŸ‘",https://assets.tokopedia.net/assets-tokopedia-lite/v2/zeus/kratos/85cc883d.svg,5,Lebih dari 1 tahun lalu
Oscar,"cakep banget packaging nya ğŸ˜­ mood booster banget setelah buka paket ngeliat packaging n parfum ny bagus,, wangi nya sesuai yang di harapkan â¤ï¸",https://assets.tokopedia.net/assets-tokopedia-lite/v2/zeus/kratos/85cc883d.svg,5,Lebih dari 1 tahun lalu
tegar,"nice pefume, so good job my broo",,5,Lebih dari 1 tahun lalu
Muhammad,"Another perfection item. Suka yg Sumba ini juga, drydownnya warm! Terus wangi dari vial Bamboe Roencing nya ternyata yang termantep projectionnya. Komposisi wanginya kaya...",,5,Lebih dari 1 tahun lalu
Rizka,"Wanginya cukup, projectionnya bagus sekitar 1 jam awal. longevity di badan saya cuma sampai 4 jam",,5,Lebih dari 1 tahun lalu
I***a,"Wangi nya enak banget, pengiriman cepat & rapi! Barang sampai dengan selamat! Dikasih bonus lagi! Puas bangett belanja disini! ThankyouğŸ’—ğŸ’—ğŸ’—",https://assets.tokopedia.net/assets-tokopedia-lite/v2/zeus/kratos/85cc883d.svg,5,Lebih dari 1 tahun lalu
Ian,"packaging dan conceptnya keren dan rapih .. cumaa kalau baunya pribadi sih berasa familiar, gak berasa baru... sama ketahanan wanginya cuma sebentar.. pendapat pribadi ya...",,5,Lebih dari 1 tahun lalu
Widodo,Keren banget dah produk nya. dari packaging nya bagus dan aman.  dapet bonusan juga dari project 1945. terimakasih om.  aroma masih belum dicoba ğŸ’¯ğŸ’¯,https://assets.tokopedia.net/assets-tokopedia-lite/v2/zeus/kratos/85cc883d.svg,5,Lebih dari 1 tahun lalu
tegar,"nice pefume, so good job my broo",,5,Lebih dari 1 tahun lalu
Nico,"pengiriman cepat, wangin nya enak bgtğŸ‘",https://assets.tokopedia.net/assets-tokopedia-lite/v2/zeus/kratos/85cc883d.svg,5,Lebih dari 1 tahun lalu
Muhammad,"Varian yang menang di antara dua pilihan lainnya. Next time bakal bungkus varian The Great Batavia. makasih juga utk potongan harganya lagi, mantap lah. Jdi ngepride gini...",https://assets.tokopedia.net/assets-tokopedia-lite/v2/zeus/kratos/85cc883d.svg,5,Lebih dari 1 tahun lalu
Oscar,"cakep banget packaging nya ğŸ˜­ mood booster banget setelah buka paket ngeliat packaging n parfum ny bagus,, wangi nya sesuai yang di harapkan â¤ï¸",https://assets.tokopedia.net/assets-tokopedia-lite/v2/zeus/kratos/85cc883d.svg,5,Lebih dari 1 tahun lalu
P***A,Saya suka ğŸ‘ğŸ»,,5,Lebih dari 1 tahun lalu
DimasAT,"barang sesuai, pengiriman cepat",,5,Lebih dari 1 tahun lalu
D***n,One of a kind! Local pride,https://assets.tokopedia.net/assets-tokopedia-lite/v2/zeus/kratos/85cc883d.svg,5,Lebih dari 1 tahun lalu
O***y,"Produk sesuai deskripsi, tiba dgn aman, kemasan keren n mewah, suka bgt sm desainnya.. Sbg org NTT sy bangga bgt ada produk ini, aroma enak n tdk menyengat, mgkn sy akan...","https://assets.tokopedia.net/assets-tokopedia-lite/v2/zeus/kratos/85cc883d.svg, https://assets.tokopedia.net/assets-tokopedia-lite/v2/zeus/kratos/85cc883d.svg, https://assets.tokopedia.net/assets-tokopedia-lite/v2/zeus/kratos/85cc883d.svg",5,Lebih dari 1 tahun lalu
I***n,.,,5,Lebih dari 1 tahun lalu
zie,ini sih parfum lokal keren abis dari segi harga yang bersaing dan kwalitasnya gk diragukan..  recommed banget bagi kalian yang suka aroma spicy..,"https://assets.tokopedia.net/assets-tokopedia-lite/v2/zeus/kratos/85cc883d.svg, https://assets.tokopedia.net/assets-tokopedia-lite/v2/zeus/kratos/85cc883d.svg",5,Lebih dari 1 tahun lalu
I***l,,https://assets.tokopedia.net/assets-tokopedia-lite/v2/zeus/kratos/85cc883d.svg,5,Lebih dari 1 tahun lalu
L***n,"di semprotan pertama lebih berasa orange rempah segar, 30 menit kemudian agak woody rempah spicy. Love it.","https://assets.tokopedia.net/assets-tokopedia-lite/v2/zeus/kratos/85cc883d.svg, https://assets.tokopedia.net/assets-tokopedia-lite/v2/zeus/kratos/85cc883d.svg, https://assets.tokopedia.net/assets-tokopedia-lite/v2/zeus/kratos/85cc883d.svg",5,Lebih dari 1 tahun lalu
Amin,"Wanggi nya sukaa, brand lokal bikin salfokkk ğŸ˜‚",,5,Lebih dari 1 tahun lalu
Indira,"Dapet free vial Batavia! Milih Sumba karena baunya ga berakhiran ""soapy"" kayak 2 wangi lainnya di trial kit - sebenernya semua wangi cocok tp untuk 2 varian lainn...",https://assets.tokopedia.net/assets-tokopedia-lite/v2/zeus/kratos/85cc883d.svg,5,Lebih dari 1 tahun lalu
Vicky,"Warmth from Spicesâ€¦ calming yet mood booster, nice ğŸ‘ğŸ»ğŸ˜ğŸ‘ğŸ»",https://assets.tokopedia.net/assets-tokopedia-lite/v2/zeus/kratos/85cc883d.svg,5,Lebih dari 1 tahun lalu
Dwi,"Packagingnya super aman dan pengirimannya cepat no drama2â€¦ Soal kualitas udah pernah nyoba yang travel size jadi udah pasti suka banget sama wanginya. Isinya banyak, harg...",,5,Lebih dari 1 tahun lalu
I***a,"Wangi nya enak banget, pengiriman cepat & rapi! Barang sampai dengan selamat! Dikasih bonus lagi! Puas bangett belanja disini! ThankyouğŸ’—ğŸ’—ğŸ’—",https://assets.tokopedia.net/assets-tokopedia-lite/v2/zeus/kratos/85cc883d.svg,5,Lebih dari 1 tahun lalu
B***s,Enak si baunya tp mungkin karna tipenya parfume ya bukan edt jd harus agak banyak gt biar wanginya tahan lama hehe So far so goodd mantabbb ğŸ™ŒğŸ¼,,5,Lebih dari 1 tahun lalu
V***a,"packaging rapih, tdk ada cacat. wangi enak, elegant and fresh. ga bikin pusing. 2x semprot aja udah sangat cukup.",https://assets.tokopedia.net/assets-tokopedia-lite/v2/zeus/kratos/85cc883d.svg,5,Lebih dari 1 tahun lalu
j***a,,https://assets.tokopedia.net/assets-tokopedia-lite/v2/zeus/kratos/85cc883d.svg,5,Lebih dari 1 tahun lalu
L***n,"Puas dengan pelayanannya, sesuai request juga untuk bonusnya. Mantap pokoknyağŸ‘ŒğŸ‘Œ",https://assets.tokopedia.net/assets-tokopedia-lite/v2/zeus/kratos/85cc883d.svg,5,Lebih dari 1 tahun lalu
Widodo,Keren banget dah produk nya. dari packaging nya bagus dan aman.  dapet bonusan juga dari project 1945. terimakasih om.  aroma masih belum dicoba ğŸ’¯ğŸ’¯,https://assets.tokopedia.net/assets-tokopedia-lite/v2/zeus/kratos/85cc883d.svg,5,Lebih dari 1 tahun lalu
Denmas,mantaaap,,5,Lebih dari 1 tahun lalu
Sardolian,"Parfum Indonesia yang boljug. Sumba aroma rempahnya berasa, gak nyengat, soft, tapi harumnya pas dipake cowo. Kemasan bagus! Semogaproduk Indo makin maju.",,5,Lebih dari 1 tahun lalu
v***o,telah sampai,,5,Lebih dari 1 tahun lalu
D***n,One of a kind! Local pride,https://assets.tokopedia.net/assets-tokopedia-lite/v2/zeus/kratos/85cc883d.svg,5,Lebih dari 1 tahun lalu
abdul,"Wanginya sih enak banget, body heat active juga. Cocok buat ningkatin mood di siang hari yg panas",,5,Lebih dari 1 tahun lalu
Muhammad,"Barang sangat2 berkualitas , mulai dari packaging yang sangat kokoh , design kelihatan mewah , dan harga terjangkau , dapat voucher potongan harga , dan yang paling utma adalah produk indonesia , sangat2 recomended .","https://assets.tokopedia.net/assets-tokopedia-lite/v2/zeus/kratos/85cc883d.svg, https://assets.tokopedia.net/assets-tokopedia-lite/v2/zeus/kratos/85cc883d.svg, https://assets.tokopedia.net/assets-tokopedia-lite/v2/zeus/kratos/85cc883d.svg",5,Lebih dari 1 tahun lalu
D***I,"Habis nyoba exploration kit, langsung beli full size karena cocok sama wanginya. Nilai plus, desain boksnya cakep.",https://assets.tokopedia.net/assets-tokopedia-lite/v2/zeus/kratos/85cc883d.svg,5,Lebih dari 1 tahun lalu
U***y,"Bangun tidur, buka toktok ada yang review parfum ini. Blind buy aja langsung beli tanpa baca, mantap!","https://assets.tokopedia.net/assets-tokopedia-lite/v2/zeus/kratos/85cc883d.svg, https://assets.tokopedia.net/assets-tokopedia-lite/v2/zeus/kratos/85cc883d.svg",5,Lebih dari 1 tahun lalu
F***n,"worth it banget untuk harga segini, sprayer nya bagus banget, packaging kotak nya jg ga murahan, di tambah pas pertama kali make jg langsung dpt compliment dari orang, mu...",,5,Lebih dari 1 tahun lalu
abdul,"Wanginya sih enak banget, body heat active juga. Cocok buat ningkatin mood di siang hari yg panas",,5,Lebih dari 1 tahun lalu
Muhammad,"Barang sangat2 berkualitas , mulai dari packaging yang sangat kokoh , design kelihatan mewah , dan harga terjangkau , dapat voucher potongan harga , dan yang paling utma adalah produk indonesia , sangat2 recomended .","https://assets.tokopedia.net/assets-tokopedia-lite/v2/zeus/kratos/85cc883d.svg, https://assets.tokopedia.net/assets-tokopedia-lite/v2/zeus/kratos/85cc883d.svg, https://assets.tokopedia.net/assets-tokopedia-lite/v2/zeus/kratos/85cc883d.svg",5,Lebih dari 1 tahun lalu
B***n,New fav scent since it reminded me of what I usually use back then (and it got discontinued).,https://assets.tokopedia.net/assets-tokopedia-lite/v2/zeus/kratos/85cc883d.svg,5,Lebih dari 1 tahun lalu
A***y,"All 3 is has a good scent, couldnt decide which one i wanted full size. Finally ended up with Sumba. Well done! Highly recommended",,5,Lebih dari 1 tahun lalu
